<?xml version="1.0" encoding="utf-8" ?>

<!--////////////////////////////////////////////////////////////////////////////
// ========================================================================== //
//                                                                            //
//                        (C) 2012-2013  David Krutsko                        //
//                        See LICENSE.md for copyright                        //
//                                                                            //
// ========================================================================== //
/////////////////////////////////////////////////////////////////////////////-->

<Model Version="1.1">
	
	<Reference File="Jungle.fbx">
		<Texture Name="Jungle"		File="Textures/Jungle.ast"		/>
		<Texture Name="JungleN"		File="Textures/JungleN.ast"		/>
		<Texture Name="Grass"		File="Textures/Grass.ast"		/>
		<Texture Name="GrassN"		File="Textures/GrassN.ast"		/>
		<Texture Name="Field"		File="Textures/Field.ast"		/>
		<Texture Name="FieldN"		File="Textures/FieldN.ast"		/>
		<Texture Name="PalmTree"	File="Textures/PalmTree.ast"	/>
		<Texture Name="PalmTreeN"	File="Textures/PalmTreeN.ast"	/>
		<Texture Name="Specular"	File="Textures/Specular.ast"	/>
		
		<Material Name="Jungle">
			<Ambient	Color="0.0, 0.0, 0.0, 1.0" />
			<Diffuse	Color="1.0, 1.0, 1.0, 1.0" Texture="Jungle"   />
			<Specular	Color="0.2, 0.2, 0.2, 1.0" Texture="Specular" />
			<Emissive	Color="0.0, 0.0, 0.0, 1.0" />
			
			<Alpha		Value="1.0" />
			<Shininess	Value="12.0" />
			<Normal		Texture="JungleN" />
		</Material>
		
		<Material Name="Grass">
			<Ambient	Color="0.0, 0.0, 0.0, 1.0" />
			<Diffuse	Color="1.0, 1.0, 1.0, 1.0" Texture="Grass"    />
			<Specular	Color="0.2, 0.2, 0.2, 1.0" Texture="Specular" />
			<Emissive	Color="0.0, 0.0, 0.0, 1.0" />
			
			<Alpha		Value="1.0" />
			<Shininess	Value="12.0" />
			<Normal		Texture="GrassN" />
		</Material>
		
		<Material Name="Field">
			<Ambient	Color="0.0, 0.0, 0.0, 1.0" />
			<Diffuse	Color="1.0, 1.0, 1.0, 1.0" Texture="Field"    />
			<Specular	Color="0.2, 0.2, 0.2, 1.0" Texture="Specular" />
			<Emissive	Color="0.0, 0.0, 0.0, 1.0" />
			
			<Alpha		Value="1.0" />
			<Shininess	Value="12.0" />
			<Normal		Texture="FieldN" />
		</Material>
		
		<Material Name="PalmTree">
			<Ambient	Color="0.0, 0.0, 0.0, 1.0" />
			<Diffuse	Color="1.0, 1.0, 1.0, 1.0" Texture="PalmTree" />
			<Specular	Color="0.2, 0.2, 0.2, 1.0" Texture="Specular" />
			<Emissive	Color="0.0, 0.0, 0.0, 1.0" />
			
			<Alpha		Value="1.0" />
			<Shininess	Value="12.0" />
			<Normal		Texture="PalmTreeN" />
		</Material>
		
		<Assign Object="Bridge"		Material="Jungle"	/>
		<Assign Object="Docks"		Material="Jungle"	/>
		<Assign Object="Field"		Material="Field"	/>
		<Assign Object="Ground"		Material="Grass"	/>
		<Assign Object="Lumber"		Material="Jungle"	/>
		<Assign Object="Rails"		Material="Jungle"	/>
		
		<Assign Object="Rock01"		Material="Jungle"	/>
		<Assign Object="Rock02"		Material="Jungle"	/>
		<Assign Object="Rock03"		Material="Jungle"	/>
		<Assign Object="Rock04"		Material="Jungle"	/>
		<Assign Object="Rock05"		Material="Jungle"	/>
		<Assign Object="Rock06"		Material="Jungle"	/>
		<Assign Object="Rock07"		Material="Jungle"	/>
		<Assign Object="Rock08"		Material="Jungle"	/>
		<Assign Object="Rock09"		Material="Jungle"	/>
		<Assign Object="Rock10"		Material="Jungle"	/>
		
		<Assign Object="Tree01"		Material="PalmTree"	/>
		<Assign Object="Tree02"		Material="PalmTree"	/>
		<Assign Object="Tree03"		Material="PalmTree"	/>
		<Assign Object="Tree04"		Material="PalmTree"	/>
		<Assign Object="Tree05"		Material="PalmTree"	/>
		<Assign Object="Tree06"		Material="PalmTree"	/>
		<Assign Object="Tree07"		Material="PalmTree"	/>
		<Assign Object="Tree08"		Material="PalmTree"	/>
		<Assign Object="Tree09"		Material="PalmTree"	/>
		<Assign Object="Tree10"		Material="PalmTree"	/>
	</Reference>
	
</Model>
